Angel Number,Frequency (Hz),Name,Category,Vibration Pattern,Chakra,Color Energy,Duration (min),Benefit,Divine Message,Affirmation,Description
111,111,New Beginnings,Spirit,Continuous,Crown,White Gold,20,Awakens manifestation power and new beginnings,Your thoughts are manifesting — keep them positive,I am aligned with divine timing. My thoughts create my reality now.,"111 is the universe saying your thoughts are manifesting. Activates the manifestation portal, aligns mind with divine will. Found in ancient sacred sites like Newgrange — induces euphoric states and cell regeneration."
222,222,Balance & Harmony,Love,Binaural,Heart,Soft Pink & White,22,"Restores balance, harmony, and divine partnerships",Keep the faith — everything is falling into place,Everything is in divine balance. My partnerships are blessed and harmonious.,"222 is the frequency of divine balance. Harmonizes left and right brain hemispheres, balances yin and yang energy, attracts soul partnerships and cooperative relationships."
333,333,Ascended Masters,Spirit,Solfeggio,Throat & Crown,Golden Yellow,33,Connects with ascended masters and divine guidance,You are surrounded by divine support and guidance,I am surrounded by divine masters. Creative wisdom flows through me perfectly.,"333 carries the vibration of the Ascended Masters — Jesus, Buddha, Quan Yin. Opens the channel to receive wisdom, activates creative expression at a soul level."
444,444,Angelic Protection,Body,Continuous,Root & Earth Star,Deep Gold,22,Builds unshakeable foundations and angelic protection,Angels surround you — you are completely safe,"I am divinely protected. My foundations are solid, strong, and eternal.","444 is the frequency of angelic protection. Strengthens the body's foundational systems, reinforces healthy bone density, stabilizes the nervous system, creates divine protection."
555,555,Transformation & Change,Cleansing,Isochronic,Solar Plexus & Throat,Electric Blue,25,Accelerates positive change and life transformation,Massive transformation is coming — welcome it,I welcome transformation. I release the old with grace and embrace my new reality.,"555 is the most powerful change frequency. Clears resistance to change, dissolves old structures, accelerates the shedding of limiting identities."
666,666,Rebalance & Compassion,Mind,Binaural,Heart & Third Eye,Rose Gold,20,Rebalances overthinking and activates heart wisdom,Refocus your thoughts — align your mind with your heart,My mind and heart are in perfect harmony. I think and feel with love.,"In angelic numerology 666 means refocus. Brings overactive analytical mind back into heart coherence, activates compassion, dissolves anxiety loops."
777,777,Divine Luck & Wisdom,Spirit,Solfeggio,Crown & Soul Star,Deep Violet & Gold,30,"Activates divine luck, spiritual wisdom, and sacred knowledge",You are on the perfect path — miracles align for you,I walk the sacred path. Divine wisdom and luck flow to me effortlessly.,"777 is the holiest angel number. Frequency of spiritual mastery, inner wisdom, and miraculous luck. Activates the light body and opens access to Akashic records."
888,888,Infinite Abundance,Wealth,Continuous,Solar Plexus & Crown,Deep Gold & Emerald,33,Opens infinite financial abundance and material mastery,Financial rewards and abundance flow to you now,I am an infinite channel for abundance. Wealth flows to me from all directions.,"888 is the angel number of infinite abundance. The figure 8 on its side is the infinity symbol. Dissolves all scarcity programming, magnetizes wealth and opportunities."
999,999,Completion & Release,Cleansing,Solfeggio,All Chakras,Deep Crimson to White,25,Completes karmic cycles and clears what no longer serves,A cycle is completing — prepare for your highest calling,I complete all karmic cycles with grace. I am free and ready for my highest calling.,"999 signals the end of a major life chapter. Accelerates the completion of karmic contracts, clears outdated soul agreements, heals ancestral lineage wounds."
1111,1111,Manifestation Portal,Spirit,Continuous,Soul Star & Crown,Diamond White,11,Opens the cosmic manifestation portal — thoughts become reality,Make a wish — your thoughts are writing directly into reality,The portal is open. My highest intentions are now manifesting in perfect divine timing.,1111 is the master manifestation portal. Aligns the conscious mind directly with the quantum field of possibility. What you think DURING this tone manifests with extraordinary speed.
1212,1212,Spiritual Growth,Spirit,Isochronic,Crown & Third Eye,Silver & Violet,22,Accelerates spiritual growth and divine awakening,Stay positive — your awakening accelerates now,I am rapidly evolving. My spirit expands into greater light with every breath.,"1212 combines the raw manifestation of 1 with the divine balance of 2. Rapidly accelerates spiritual awakening, expands consciousness, upgrades vibrational frequency."
1234,1234,Divine Progression,Mind,Isochronic,Solar Plexus & Crown,Rainbow Gradient,20,Aligns life steps with divine order and natural progression,Trust the process — you are progressing perfectly,I trust the divine steps of my journey. Each day I progress perfectly.,"1234 is the frequency of divine steps. Aligns your life path with natural divine progression, reduces impatience, builds trust, organizes scattered plans into clear inspired action."
2222,2222,Master Builder,Wealth,Continuous,Root & Crown,Platinum,22,Activates the master builder frequency for creating lasting legacy,Build your legacy — the universe supports your vision,"I am a master builder. What I create is magnificent, lasting, and divinely inspired.","2222 amplifies 222 fourfold. Aligns you with your soul's grandest vision and the vibrational foundation to build lasting structures — businesses, families, art, healing practices."
3333,3333,Trinity Activation,Spirit,Solfeggio,All Chakras Unified,"Tri-color: Red, Gold, Violet",15,"Activates the holy trinity of body, mind, and spirit simultaneously","Body, mind, and spirit align at the highest octave","Body, mind and spirit are perfectly unified. I am whole, holy, and complete.","3333 is the amplified triple presence of the Ascended Masters. Activates all three planes simultaneously — physical body, mental clarity, and spiritual expansion."
4444,4444,Celestial Fortress,Body,Continuous,"Root, Sacral, Solar Plexus, Heart",Armor Gold,20,Maximum divine protection and physical fortress energy,Four layers of angelic armor surround you completely,I am fully protected on all levels. Nothing of low vibration may enter my field.,"4444 is the amplified angelic protection field. Creates an impenetrable energetic shield, fortifies the immune system at a cellular level, reinforces resistance to illness and psychic attack."
5555,5555,Quantum Leap,Cleansing,Isochronic,All Chakras,Electric White,15,Quantum leap frequency — instant massive life transformation,A total reality shift — leap into your highest timeline,I quantum leap into my highest timeline now. My transformation is total and immediate.,"5555 is the frequency of the quantum leap — a sudden, complete transformation of life circumstances. For those standing at major crossroads who are ready to leap into an entirely new version of their life."
6666,6666,Unconditional Love Field,Love,Continuous,Heart & Higher Heart,Magenta Pink,25,Generates a field of pure unconditional love and compassion,Your heart radiates love that transforms all it touches,I radiate unconditional love. My heart is a sun that warms every soul I meet.,"6666 amplifies compassion into a massive field of unconditional love. Heals deep heart wounds, dissolves resentment and judgment, generates a loving field that transforms everyone you encounter."
7777,7777,Supreme Sacred Luck,Wealth,Solfeggio,All Seven Major Chakras,Rainbow Gold,30,Maximum divine luck and spiritual fortune activation,Maximum divine fortune — miracles surround you,"I am divinely lucky. Miracles, synchronicities, and blessings surround me always.","7777 is the highest luck frequency in existence — four sevens, the most sacred number in nearly every spiritual tradition. Aligns you with miraculous timing across health, wealth, love, and spiritual evolution."
8888,8888,Infinite Financial Mastery,Wealth,Continuous,All Chakras — Financial Axis,Pure Gold,33,Opens all financial channels simultaneously — maximum abundance,All channels of abundance open simultaneously now,All doors of abundance are open to me. I am an infinite magnet for wealth and prosperity.,8888 is the supreme abundance frequency — four infinity symbols stacked. Programs the subconscious as an infinite prosperity magnet. Dissolves all money blocks across all timelines.
9999,9999,Divine Completion & Ascension,Spirit,Solfeggio,Soul Star & Beyond,Pure White Light,33,Complete spiritual ascension and soul graduation frequency,All karmic cycles complete — you ascend into pure light,I have completed my karmic journey. I ascend into pure light and divine service.,"9999 is the ultimate completion — the soul graduation frequency. Marks the end of all karmic learning cycles, completes all soul contracts, and activates full ascension consciousness."
